URL,Cache-Control,CF-Cache-Status,CF-Ray
https://cpeonline.com/,max-age=86400, public,HIT,91a72d465d090553-MAA
https://cpeonline.com/continuing-professional-education-questions-and-answers,max-age=86400, public,HIT,91a72d4a29fda908-MAA
https://cpeonline.com/advantages-in-person-cpe-courses,max-age=86400, public,HIT,91a72d4e1e704fd4-MAA
https://cpeonline.com/continuing-professional-education-cpas-staying-ahead-in-dynamic-financial-landscape,max-age=86400, public,HIT,91a72d51da617ea0-MAA
https://cpeonline.com/continuing-professional-education-vital-pathway-taxation-professionals,max-age=86400, public,HIT,91a72d55aefb7f6b-MAA
https://cpeonline.com/best-seminars-and-courses-business-and-finance-executives-in-post-pandemic-business-world,max-age=86400, public,HIT,91a72d598d2b7fdd-MAA
https://cpeonline.com/crucial-role-continuing-education-in-finance,max-age=86400, public,HIT,91a72d5d7b3d7ef7-MAA
https://cpeonline.com/cpe-accountants-fueling-professional-growth,max-age=86400, public,HIT,91a72d615d487ebb-MAA
https://cpeonline.com/webinars-and-professional-courses-winning-combination,max-age=86400, public,HIT,91a72d652f5dc6ab-MAA
https://cpeonline.com/cpas-guide-advancing-cpe-courses,max-age=86400, public,HIT,91a72d692c1f7f87-MAA
https://cpeonline.com/mastering-tax-cpe-courses-cpe-inc,max-age=86400, public,HIT,91a72d6d48c0a91f-MAA
https://cpeonline.com/tips-and-tricks-fitting-cpe-courses-your-busy-life,max-age=86400, public,HIT,91a72d712d3f7fbd-MAA
https://cpeonline.com/stay-ahead-curve-best-cpe-cpas,max-age=86400, public,HIT,91a72d7529fe7e78-MAA
https://cpeonline.com/benefits-taking-our-ethics-cpe-courses,max-age=86400, public,HIT,91a72d7918cd7f91-MAA
https://cpeonline.com/how-best-online-cpe-courses-can-make-you-ceo-material,max-age=86400, public,HIT,91a72d7d0f6b7ed4-MAA
https://cpeonline.com/meaning-financial-leadership-and-its-role-cpas-and-finance-professionals,max-age=86400, public,HIT,91a72d80eaac914b-MAA
https://cpeonline.com/understanding-ethics-in-cpa-profession-and-financial-industry,max-age=86400, public,HIT,91a72d84df3b8031-MAA
https://cpeonline.com/tax-cpe-courses-small-business-advising-nurturing-entrepreneurial-success,max-age=86400, public,HIT,91a72d888a4b8135-MAA
https://cpeonline.com/cpas-building-strong-career,max-age=86400, public,HIT,91a72d8c59597ed4-MAA
https://cpeonline.com/live-webinars-self-study-courses-and-conferences-finance-professionals-what-you-can-learn,max-age=86400, public,HIT,91a72d901fb39139-MAA
https://cpeonline.com/esg-financial-reporting-navigating-evolving-regulatory-landscape,max-age=86400, public,HIT,91a72d943c74c87a-MAA
https://cpeonline.com/best-online-courses-professionals-seeking-develop-their-financial-leadership,max-age=86400, public,HIT,91a72d981f6c17b3-MAA
https://cpeonline.com/cpe-classes-credit-requirements-state,max-age=86400, public,HIT,91a72d9c2a43380b-MAA
https://cpeonline.com/what%E2%80%99s-best-cpe-cpas-course-types,max-age=86400, public,HIT,91a72da009ac7f13-MAA
https://cpeonline.com/thriving-digitally-benefits-online-cpe-courses-accounting,max-age=86400, public,HIT,91a72da42c9a06a0-MAA
https://cpeonline.com/overview-partnership-taxation-key-issues-cpas,max-age=86400, public,HIT,91a72da84f287f4c-MAA
https://cpeonline.com/why-conferences-are-essential-finance-professionals,max-age=86400, public,HIT,91a72dac2a287f66-MAA
https://cpeonline.com/cpe-credits-and-why-cpas-need-them-comprehensive-overview,max-age=86400, public,HIT,91a72db05926cbcd-MAA
https://cpeonline.com/transitioning-new-career-why-taking-cpe-classes-your-best-bet,max-age=86400, public,HIT,91a72db45ed57fd3-MAA
https://cpeonline.com/auditing-key-concepts-and-relevant-cpa-courses-online,max-age=86400, public,HIT,91a72db85c48b85b-MAA
https://cpeonline.com/stay-ahead-game-sec-conference-agenda-includes-ai-and-new-regulations,max-age=86400, public,HIT,91a72dbc5c217ece-MAA
https://cpeonline.com/understanding-complex-nuances-in-income-taxes-key-insights-cpas,max-age=86400, public,HIT,91a72dc008597f39-MAA
https://cpeonline.com/cash-flow-planning-what-cpas-should-know,max-age=86400, public,HIT,91a72dc3fe84914f-MAA
https://cpeonline.com/importance-ethics-cpe-cpas-providing-exceptional-service-and-staying-compliant,max-age=86400, public,HIT,91a72dc81e357f13-MAA
https://cpeonline.com/let-us-help-you-1,max-age=86400, public,HIT,91a72dcc1dde7f91-MAA
https://cpeonline.com/passes,max-age=86400, public,HIT,91a72dd0098f0bbe-MAA
https://cpeonline.com/let-us-help-you,max-age=86400, public,HIT,91a72dd40d870698-MAA
https://cpeonline.com/states-listing,max-age=86400, public,HIT,91a72dd81db07f49-MAA
https://cpeonline.com/contact-us,max-age=86400, public,DYNAMIC,91a72ddc19e47f0f-MAA
https://cpeonline.com/homepage,max-age=86400, public,HIT,91a72de5c99006ac-MAA
https://cpeonline.com/test-page,max-age=86400, public,HIT,91a72de9da20178f-MAA
https://cpeonline.com/about,max-age=86400, public,HIT,91a72dedca0e8022-MAA
https://cpeonline.com/policies,max-age=86400, public,HIT,91a72df1cf3c8135-MAA
https://cpeonline.com/in-house-programs,max-age=86400, public,HIT,91a72df61fc17f7c-MAA
https://cpeonline.com/sponsor-information,max-age=86400, public,HIT,91a72dfa4b3a7e72-MAA
https://cpeonline.com/webcast-frequently-asked-questions,max-age=86400, public,HIT,91a72dfe6e689d73-MAA
https://cpeonline.com/sec-training-made-simple,max-age=86400, public,HIT,91a72e030a14801c-MAA
https://cpeonline.com/money-back-guarantee,max-age=86400, public,HIT,91a72e070db47f1f-MAA
https://cpeonline.com/let-us-help-you-0,max-age=86400, public,HIT,91a72e0b6ede7e75-MAA
https://cpeonline.com/welcome,max-age=86400, public,HIT,91a72e0f6ded7fcd-MAA
https://cpeonline.com/preferred-provider-program,max-age=86400, public,HIT,91a72e1338e07e8a-MAA
https://cpeonline.com/cookies-test,max-age=86400, public,HIT,91a72e1778ff7f6b-MAA
https://cpeonline.com/adobe-test,max-age=86400, public,HIT,91a72e1b89b27f73-MAA
https://cpeonline.com/20-percent-thank-you-voucher-0,max-age=86400, public,HIT,91a72e1f8eb6b293-MAA
https://cpeonline.com/self-study-faqs,max-age=86400, public,HIT,91a72e238b60a911-MAA
https://cpeonline.com/terms-and-conditions,max-age=86400, public,HIT,91a72e278cc47fe5-MAA
https://cpeonline.com/cpe-courses,max-age=86400, public,HIT,91a72e2bea90c6ab-MAA
https://cpeonline.com/courses/covid-19,max-age=86400, public,HIT,91a72e2f8f54182b-MAA
https://cpeonline.com/annual-passes,max-age=86400, public,HIT,91a72e335ea67fb3-MAA
https://cpeonline.com/350combopass,max-age=86400, public,HIT,91a72e38092d914f-MAA
https://cpeonline.com/summersavings,max-age=86400, public,HIT,91a72e3c1bbb7fbf-MAA
https://cpeonline.com/email-confirmation,max-age=86400, public,HIT,91a72e401bf8380b-MAA
https://cpeonline.com/cpe-courses/cpe-webinars-and-self-study-in-virginia,max-age=86400, public,HIT,91a72e43be849bf1-MAA
https://cpeonline.com/cpe-courses/cpe-webinars-and-self-study-in-florida,max-age=86400, public,HIT,91a72e482a637f8a-MAA
https://cpeonline.com/cpe-courses/cpe-webinars-and-self-study-in-connecticut,max-age=86400, public,HIT,91a72e4c4eef9146-MAA
https://cpeonline.com/cpe-courses/cpe-webinars-and-self-study-in-ohio,max-age=86400, public,HIT,91a72e500e487f73-MAA
https://cpeonline.com/cpe-courses/cpe-webinars-and-self-study-in-arizona,max-age=86400, public,HIT,91a72e5438bb7e67-MAA
https://cpeonline.com/cpe-courses/cpe-webinars-and-self-study-in-new-hampshire,max-age=86400, public,HIT,91a72e57fc35570c-MAA
https://cpeonline.com/cpe-courses/cpe-webinars-and-self-study-in-indiana,max-age=86400, public,HIT,91a72e5c0f8dd988-MAA
https://cpeonline.com/cpe-courses/cpe-webinars-and-self-study-in-georgia,max-age=86400, public,HIT,91a72e5fadbdb2a6-MAA
https://cpeonline.com/cpe-courses/cpe-webinars-and-self-study-in-colorado,max-age=86400, public,HIT,91a72e637a4b7f4b-MAA
https://cpeonline.com/cpe-courses/cpe-webinars-and-self-study-in-delaware,max-age=86400, public,HIT,91a72e674a9858c9-MAA
https://cpeonline.com/cpe-courses/cpe-webinars-and-self-study-in-wyoming,max-age=86400, public,HIT,91a72e6aecaa7fe0-MAA
https://cpeonline.com/cpe-courses/cpe-webinars-and-self-study-in-north-dakota,max-age=86400, public,HIT,91a72e6e9f627fa9-MAA
https://cpeonline.com/cpe-courses/cpe-webinars-and-self-study-in-arkansas,max-age=86400, public,HIT,91a72e725a689d73-MAA
https://cpeonline.com/cpe-courses/cpe-webinars-and-self-study-in-california,max-age=86400, public,HIT,91a72e768f05069c-MAA
https://cpeonline.com/cpe-courses/cpe-webinars-and-self-study-in-washington-dc,max-age=86400, public,HIT,91a72e7aaa0d17b6-MAA
https://cpeonline.com/cpe-courses/cpe-webinars-and-self-study-in-district-of-columbia,max-age=86400, public,HIT,91a72e7f49c6b5bf-MAA
https://cpeonline.com/cpe-courses/cpe-webinars-and-self-study-in-illinois,max-age=86400, public,HIT,91a72e83eb817e67-MAA
https://cpeonline.com/cpe-courses/cpe-webinars-and-self-study-in-kansas,max-age=86400, public,HIT,91a72e87ead79135-MAA
https://cpeonline.com/cpe-courses/cpe-webinars-and-self-study-in-maryland,max-age=86400, public,HIT,91a72e8c1a2506b0-MAA
https://cpeonline.com/cpe-courses/cpe-webinars-and-self-study-in-massachusetts,max-age=86400, public,HIT,91a72e9098ae7fb9-MAA
https://cpeonline.com/cpe-courses/cpe-webinars-and-self-study-in-montana,max-age=86400, public,HIT,91a72e94e9797f83-MAA
https://cpeonline.com/cpe-courses/cpe-webinars-and-self-study-in-new-jersey,max-age=86400, public,HIT,91a72e992f4c7ea3-MAA
https://cpeonline.com/cpe-courses/cpe-webinars-and-self-study-in-new-york,max-age=86400, public,HIT,91a72e9d6b01c784-MAA
https://cpeonline.com/cpe-courses/cpe-webinars-and-self-study-in-minnesota,max-age=86400, public,HIT,91a72ea19ea07f65-MAA
https://cpeonline.com/cpe-courses/cpe-webinars-and-self-study-in-oklahoma,max-age=86400, public,HIT,91a72ea60fd4c6ab-MAA
https://cpeonline.com/cpe-courses/cpe-webinars-and-self-study-in-pennsylvania,max-age=86400, public,HIT,91a72eaa4c526091-MAA
https://cpeonline.com/cpe-courses/cpe-webinars-and-self-study-in-south-carolina,max-age=86400, public,HIT,91a72eae5d40914f-MAA
https://cpeonline.com/cpe-courses/cpe-webinars-and-self-study-in-texas,max-age=86400, public,HIT,91a72eb318857e91-MAA
https://cpeonline.com/cpe-courses/cpe-webinars-and-self-study-in-alabama,max-age=86400, public,HIT,91a72eb74d777e79-MAA
https://cpeonline.com/cpe-courses/cpe-webinars-and-self-study-in-utah,max-age=86400, public,HIT,91a72ebbca8c7f3a-MAA
https://cpeonline.com/cpe-courses/cpe-webinars-and-self-study-in-kentucky,max-age=86400, public,HIT,91a72ebffc457f7f-MAA
https://cpeonline.com/cpe-courses/cpe-webinars-and-self-study-in-vermont,max-age=86400, public,HIT,91a72ec40ed87fce-MAA
https://cpeonline.com/cpe-courses/cpe-webinars-and-self-study-in-hawaii,max-age=86400, public,HIT,91a72ec8ab0d801f-MAA
https://cpeonline.com/cpe-courses/cpe-webinars-and-self-study-in-mississippi,max-age=86400, public,HIT,91a72ecd2f2c7fdf-MAA
https://cpeonline.com/cpe-courses/cpe-webinars-and-self-study-in-south-dakota,max-age=86400, public,HIT,91a72ed14a9ef242-MAA
https://cpeonline.com/cpe-courses/cpe-webinars-and-self-study-in-iowa,max-age=86400, public,HIT,91a72ed5aed20bbe-MAA
https://cpeonline.com/cpe-courses/cpe-webinars-and-self-study-in-idaho,max-age=86400, public,HIT,91a72ed9a8957f7f-MAA
https://cpeonline.com/cpe-courses/cpe-webinars-and-self-study-in-west-virginia,max-age=86400, public,HIT,91a72ede3e3c7fd3-MAA
https://cpeonline.com/cpe-courses/cpe-webinars-and-self-study-in-missouri,max-age=86400, public,HIT,91a72ee26818a92c-MAA
https://cpeonline.com/cpe-courses/cpe-webinars-and-self-study-in-nebraska,max-age=86400, public,HIT,91a72ee719887f49-MAA
https://cpeonline.com/cpe-courses/cpe-webinars-and-self-study-in-new-mexico,max-age=86400, public,HIT,91a72eebce677aff-MAA
https://cpeonline.com/cpe-courses/cpe-webinars-and-self-study-in-alaska,max-age=86400, public,HIT,91a72ef05818b2a6-MAA
https://cpeonline.com/cpe-courses/cpe-webinars-and-self-study-in-louisiana,max-age=86400, public,HIT,91a72ef4b8f27eb5-MAA
https://cpeonline.com/cpe-courses/cpe-webinars-and-self-study-in-nevada,max-age=86400, public,HIT,91a72ef918507f3f-MAA
https://cpeonline.com/cpe-courses/cpe-webinars-and-self-study-in-wisconsin,max-age=86400, public,HIT,91a72efdc8987e93-MAA
https://cpeonline.com/cpe-courses/cpe-webinars-and-self-study-in-tennessee,max-age=86400, public,HIT,91a72f0248acb29f-MAA
https://cpeonline.com/cpe-courses/cpe-webinars-and-self-study-in-michigan,max-age=86400, public,HIT,91a72f06e81d9148-MAA
https://cpeonline.com/cpe-courses/cpe-webinars-and-self-study-in-oregon,max-age=86400, public,HIT,91a72f0b0d417ebb-MAA
https://cpeonline.com/cpe-courses/cpe-webinars-and-self-study-in-maine,max-age=86400, public,HIT,91a72f0f1bc37f06-MAA
https://cpeonline.com/cpe-courses/cpe-webinars-and-self-study-in-washington,max-age=86400, public,HIT,91a72f13ec7ba914-MAA
https://cpeonline.com/cpe-courses/cpe-webinars-and-self-study-in-north-carolina,max-age=86400, public,HIT,91a72f183b35ca8c-MAA
https://cpeonline.com/cpe-courses/cpe-webinars-and-self-study-in-rhode-island,max-age=86400, public,HIT,91a72f1d0b57b540-MAA
https://cpeonline.com/generic-ih-pass,max-age=86400, public,HIT,91a72f218d567f22-MAA
https://cpeonline.com/pass-extension,max-age=86400, public,HIT,91a72f26093d17b3-MAA
https://cpeonline.com/a-valuation-primer-for-financial-reporting-new-version,max-age=86400, public,HIT,91a72f2b288a897b-MAA
https://cpeonline.com/accounting-auditing-update-a-complete-review-of-key-new-pronouncements,max-age=86400, public,HIT,91a72f2fdc2b897b-MAA
https://cpeonline.com/accounting-update-a-complete-review-of-key-new-pronouncements,max-age=86400, public,HIT,91a72f348f4f7ed6-MAA
https://cpeonline.com/accounting-internal-controls-for-nonprofits,max-age=86400, public,HIT,91a72f392a3b7f0c-MAA
https://cpeonline.com/accounting-reporting-during-challenging-times-asset-impairments-bankruptcy-going-concern-issues,max-age=86400, public,HIT,91a72f3d6aae7f6b-MAA
https://cpeonline.com/accounting-for-derivatives-an-overview,max-age=86400, public,HIT,91a72f4259397ec2-MAA
https://cpeonline.com/accounting-for-digital-assets,max-age=86400, public,HIT,91a72f478bb7b5bf-MAA
https://cpeonline.com/accounting-for-exit-or-disposal-activities-debt-modifications-contingencies,max-age=86400, public,HIT,91a72f4c2c6d7ffe-MAA
https://cpeonline.com/accounting-for-income-taxes-a-comprehensive-review-update,max-age=86400, public,HIT,91a72f50fbe817a6-MAA
https://cpeonline.com/accounting-for-interest-rate-swaps,max-age=86400, public,HIT,91a72f56ec92a8f5-MAA
https://cpeonline.com/accounting-for-international-operations,max-age=86400, public,HIT,91a72f5c6e9f7ea6-MAA
https://cpeonline.com/accounting-for-international-operations-part-1,max-age=86400, public,HIT,91a72f612f877fc8-MAA
https://cpeonline.com/accounting-for-international-operations-part-2,max-age=86400, public,HIT,91a72f6748777ffe-MAA
https://cpeonline.com/accounting-for-international-operations-part-3,max-age=86400, public,HIT,91a72f6d8d919be7-MAA
https://cpeonline.com/accounting-for-restructuring-asset-retirement-obligations,max-age=86400, public,HIT,91a72f7439c1182b-MAA
https://cpeonline.com/accounting-for-software-costs,max-age=86400, public,HIT,91a72f7b68c67efd-MAA
https://cpeonline.com/accounting-for-stock-based-compensation,max-age=86400, public,HIT,91a72f80bf9c7f4c-MAA
https://cpeonline.com/alternative-capital-strategies-for-raising-funds-related-financial-reporting,max-age=86400, public,HIT,91a72f87af4b1798-MAA
https://cpeonline.com/asc-820-valuation-approaches-techniques-methods,max-age=86400, public,HIT,91a72f8e5f882c07-MAA
https://cpeonline.com/audit-committees-role-in-financial-reporting-oversight,max-age=86400, public,HIT,91a72f93f8d67ef7-MAA
https://cpeonline.com/auditing-employee-benefit-plans,max-age=86400, public,HIT,91a72f99c83e8031-MAA
https://cpeonline.com/banking-financial-services-accounting-reporting,max-age=86400, public,HIT,91a72f9f59b54e78-MAA
https://cpeonline.com/best-practices-for-cash-treasury-management,max-age=86400, public,HIT,91a72fa53cb4b2af-MAA
https://cpeonline.com/best-practices-for-managing-corporate-ethics-compliance-risks,max-age=86400, public,HIT,91a72fabcb3a396c-MAA
https://cpeonline.com/best-practices-in-finance-accounting,max-age=86400, public,HIT,91a72fb1fb0aa914-MAA
https://cpeonline.com/blockchain-technology-distributed-ledger-technology-dlt,max-age=86400, public,HIT,91a72fb7a84bd988-MAA
https://cpeonline.com/broker-dealer-accounting-conference,max-age=86400, public,HIT,91a72fbc988c7f5e-MAA
https://cpeonline.com/broker-dealer-audit-rules-update,max-age=86400, public,HIT,91a72fc31f1d1796-MAA
https://cpeonline.com/business-combinations-consolidations,max-age=86400, public,HIT,91a72fc90e1b7eca-MAA
https://cpeonline.com/business-combinations-dispositions,max-age=86400, public,HIT,91a72fced817a929-MAA
https://cpeonline.com/business-law-for-accountants,max-age=86400, public,HIT,91a72fd508b20bbe-MAA
https://cpeonline.com/business-law-for-accountants-2-hrs,max-age=86400, public,HIT,91a72fdb3ac37fe5-MAA
https://cpeonline.com/cash-flow-planning-forecasting,max-age=86400, public,HIT,91a72fe10bcc7f61-MAA
https://cpeonline.com/cash-flow-statements-classification-disclosure-issues,max-age=86400, public,HIT,91a72fe72964a902-MAA
https://cpeonline.com/change-to-libor-other-reference-rates,max-age=86400, public,HIT,91a72fecfbec7f6b-MAA
https://cpeonline.com/choice-of-entity-how-the-tcja-2017-act-may-affect-your-decision,max-age=86400, public,HIT,91a72ff2eaf017a0-MAA
https://cpeonline.com/commercial-real-estate-leases,max-age=86400, public,HIT,91a72ff8db2f7ffe-MAA
https://cpeonline.com/communications-with-stakeholders-an-expert-panel-discussion,max-age=86400, public,HIT,91a72ffe6dfd7f66-MAA
https://cpeonline.com/compensation-accounting-disclosures-trends,max-age=86400, public,HIT,91a7300449a97f1f-MAA
https://cpeonline.com/compilations-reviews-a-practical-approach,max-age=86400, public,HIT,91a7300a9b2d7ffb-MAA
https://cpeonline.com/construction-industry-accounting-financial-reporting,max-age=86400, public,HIT,91a730109d71ad28-MAA
https://cpeonline.com/corporate-finance,max-age=86400, public,HIT,91a73016bf74c6ab-MAA
https://cpeonline.com/corporate-financial-planning-budgeting-control,max-age=86400, public,HIT,91a7301dac808016-MAA
https://cpeonline.com/corporate-fraud-whistleblower-programs,max-age=86400, public,HIT,91a730253a7217ae-MAA
https://cpeonline.com/cryptocurrencies-blockchain-technology-the-impact-on-finance-accounting,max-age=86400, public,HIT,91a7302b79837ffe-MAA
https://cpeonline.com/current-accounting-issues-for-not-for-profit-organizations,max-age=86400, public,HIT,91a730318c8a7fc8-MAA
https://cpeonline.com/current-challenges-in-establishing-shared-service-centers,max-age=86400, public,HIT,91a73037d9c93965-MAA
https://cpeonline.com/current-regulatory-focus-on-internal-controls-over-financial-reporting-icfr,max-age=86400, public,HIT,91a7303e8f347f1c-MAA
https://cpeonline.com/cybersecurity-ransomware,max-age=86400, public,HIT,91a73044b94a17b3-MAA
https://cpeonline.com/cybersecurity-how-to-deal-with-the-risks-hidden-threats-the-latest-financial-reporting-disclosures,max-age=86400, public,HIT,91a7304aac1a17ae-MAA
https://cpeonline.com/disclosure-committees-best-practices-essentials,max-age=86400, public,HIT,91a73050a8d7aa6a-MAA
https://cpeonline.com/due-diligence-leveraging-todays-innovative-tools-techniques-for-securing-a-good-deal,max-age=86400, public,HIT,91a730575c2e17ab-MAA
https://cpeonline.com/effective-business-writing-for-todays-accountant-a-hands-on-workshop,max-age=86400, public,HIT,91a7305dcc3e9d73-MAA
https://cpeonline.com/elimination-of-intercompany-profits-when-foreign-exchange-rates-change,max-age=86400, public,HIT,91a730666837178b-MAA
https://cpeonline.com/employment-law-for-accountants,max-age=86400, public,HIT,91a7306ce9117f0c-MAA
https://cpeonline.com/enterprise-risk-management-erm-trending-topics,max-age=86400, public,HIT,91a730743f0d7e93-MAA
https://cpeonline.com/equity-based-compensation-for-employees-non-employees-the-latest-updates-from-the-fasb,max-age=86400, public,HIT,91a7307a4adb7e6f-MAA
https://cpeonline.com/esg-financial-reporting,max-age=86400, public,HIT,91a730810e25d988-MAA
https://cpeonline.com/esg-regulatory-reporting-conference-how-to-comply-with-regulations-and-investor-expectations,max-age=86400, public,HIT,91a730886ef6179c-MAA
https://cpeonline.com/esg-regulatory-update,max-age=86400, public,HIT,91a730909d437efe-MAA
https://cpeonline.com/estate-fiduciary-tax-returns-a-practical-workshop,max-age=86400, public,HIT,91a73096fad0cbcd-MAA
https://cpeonline.com/estate-succession-planning-for-the-closely-held-business,max-age=86400, public,HIT,91a7309d6fd68010-MAA
https://cpeonline.com/estate-planning-tools-techniques,max-age=86400, public,HIT,91a730a3ccb57f92-MAA
https://cpeonline.com/estate-planning-an-overview,max-age=86400, public,HIT,91a730aa29817f28-MAA
https://cpeonline.com/estate-planning-an-overview-,max-age=86400, public,HIT,91a730b0588a7f00-MAA
https://cpeonline.com/estate-tax-returns-a-practical-workshop,max-age=86400, public,HIT,91a730b6df29a8fb-MAA
https://cpeonline.com/ethical-conduct-for-florida-cpas,max-age=86400, public,HIT,91a730bd69db06bb-MAA
https://cpeonline.com/ethics-professional-conduct-for-arizona-cpas,max-age=86400, public,HIT,91a730c37c107ea9-MAA
https://cpeonline.com/ethics-professional-conduct-for-texas-cpas,max-age=86400, public,HIT,91a730c97b487ec7-MAA
https://cpeonline.com/ethics-for-alabama-cpas,max-age=86400, public,HIT,91a730d01d5f7fbd-MAA
https://cpeonline.com/ethics-for-alaska-cpas,max-age=86400, public,HIT,91a730d71af67ed9-MAA
https://cpeonline.com/ethics-for-california-cpas,max-age=86400, public,HIT,91a730de7ae29149-MAA
https://cpeonline.com/ethics-for-colorado-cpas,max-age=86400, public,HIT,91a730e5a9c91ae3-MAA
https://cpeonline.com/ethics-for-connecticut-cpas,max-age=86400, public,HIT,91a730ec2c751793-MAA
https://cpeonline.com/ethics-for-corporate-accountants,max-age=86400, public,HIT,91a730f2fbc27ebc-MAA
https://cpeonline.com/ethics-for-cpas,max-age=86400, public,HIT,91a730f9ac85069c-MAA
https://cpeonline.com/ethics-for-cpas-1,max-age=86400, public,HIT,91a731015de97f5d-MAA
https://cpeonline.com/ethics-for-georgia-cpas,max-age=86400, public,HIT,91a73107efd71796-MAA
https://cpeonline.com/ethics-for-hawaii-cpas,max-age=86400, public,HIT,91a7310ecaab7ef5-MAA
https://cpeonline.com/ethics-for-illinois,max-age=86400, public,HIT,91a73115da087eb5-MAA
https://cpeonline.com/ethics-for-indiana-cpas,max-age=86400, public,HIT,91a7311c5a377e67-MAA
https://cpeonline.com/ethics-for-iowa-cpas,max-age=86400, public,HIT,91a7312329837eb5-MAA
https://cpeonline.com/ethics-for-kansas-cpas-,max-age=86400, public,HIT,91a73129e8627ea4-MAA
https://cpeonline.com/ethics-for-kentucky-cpas,max-age=86400, public,HIT,91a73131698e9bc1-MAA
https://cpeonline.com/ethics-for-maine-cpas,max-age=86400, public,HIT,91a73137eb917ef2-MAA
https://cpeonline.com/ethics-for-maryland-washington-dc-cpas,max-age=86400, public,HIT,91a7313e5dfc9be4-MAA
https://cpeonline.com/ethics-for-massachusetts-cpas,max-age=86400, public,HIT,91a73144bcd08016-MAA
https://cpeonline.com/ethics-for-minnesota-cpas,max-age=86400, public,HIT,91a7314c2e05a926-MAA
https://cpeonline.com/ethics-for-missouri-cpas,max-age=86400, public,HIT,91a73152bb0f7e81-MAA
https://cpeonline.com/ethics-for-montana-cpas,max-age=86400, public,HIT,91a73158ff827f91-MAA
https://cpeonline.com/ethics-for-nebraska-cpas,max-age=86400, public,HIT,91a7315f2e0a7fdb-MAA
https://cpeonline.com/ethics-for-nevada-cpas,max-age=86400, public,HIT,91a73165d8d1b2a6-MAA
https://cpeonline.com/ethics-for-new-hampshire-cpas,max-age=86400, public,HIT,91a7316d0e737f66-MAA
https://cpeonline.com/ethics-for-new-mexico-cpas,max-age=86400, public,HIT,91a731747fb58007-MAA
https://cpeonline.com/ethics-for-north-carolina-cpas,max-age=86400, public,HIT,91a7317b084e7e73-MAA
https://cpeonline.com/ethics-for-north-dakota-cpas,max-age=86400, public,HIT,91a731820fdc7fa1-MAA
https://cpeonline.com/ethics-for-ohio-cpas,max-age=86400, public,HIT,91a73188dc277f5d-MAA
https://cpeonline.com/ethics-for-oklahoma-cpas,max-age=86400, public,HIT,91a7319108f57f95-MAA
https://cpeonline.com/ethics-for-oregon-cpas,max-age=86400, public,HIT,91a731983a467ece-MAA
https://cpeonline.com/ethics-for-pennsylvania-cpas,max-age=86400, public,HIT,91a7319f2bba7fbf-MAA
https://cpeonline.com/ethics-for-rhode-island-cpas,max-age=86400, public,HIT,91a731a77a527ef4-MAA
https://cpeonline.com/ethics-for-south-carolina-cpas,max-age=86400, public,HIT,91a731aebd95cbcd-MAA
https://cpeonline.com/ethics-for-south-dakota-cpas,max-age=86400, public,HIT,91a731b63c1bb2a5-MAA
https://cpeonline.com/ethics-for-vermont-cpas,max-age=86400, public,HIT,91a731bdee2c7f4b-MAA
https://cpeonline.com/ethics-for-virginia-cpas-2024-version,max-age=86400, public,HIT,91a731c538457feb-MAA
https://cpeonline.com/ethics-for-wisconsin-cpas,max-age=86400, public,HIT,91a731ccfae09d73-MAA
https://cpeonline.com/ethics-fcpa-fraud-disclosure-process-in-an-international-environment,max-age=86400, public,HIT,91a731d45c0e7fda-MAA
https://cpeonline.com/fair-value-accounting-reporting,max-age=86400, public,HIT,91a731dc390017a6-MAA
https://cpeonline.com/fair-value-accounting-overview,max-age=86400, public,HIT,91a731e38ab2ad28-MAA
https://cpeonline.com/fas-52-asc-830-derivatives-unraveling-the-mystery-of-fx-accounting,max-age=86400, public,HIT,91a731ea7b0d7f70-MAA
https://cpeonline.com/fasb-hot-topics,max-age=86400, public,HIT,91a731f17cd60698-MAA
https://cpeonline.com/fasb-projects-update,max-age=86400, public,HIT,91a731f83cac1794-MAA
https://cpeonline.com/federal-tax-update-for-the-seasoned-tax-practitioner,max-age=86400, public,HIT,91a731fffff47fc9-MAA
https://cpeonline.com/fiduciary-tax-returns-a-practical-workshop,max-age=86400, public,HIT,91a732080c22b2a0-MAA
https://cpeonline.com/finance-business-process-outsourcing,max-age=86400, public,HIT,91a7320f6b9aa8fb-MAA
https://cpeonline.com/finance-transformation-talent,max-age=86400, public,HIT,91a732171aa57ed0-MAA
https://cpeonline.com/finance-transformation-leveraging-digital-technologies,max-age=86400, public,HIT,91a7321e9e497aff-MAA
https://cpeonline.com/financial-accounting-reporting-conference-an-update-for-corporate-accountants,max-age=86400, public,HIT,91a73225eebe2c07-MAA
https://cpeonline.com/financial-accounting-issues-for-manufacturers-distributors-retailers,max-age=86400, public,HIT,91a7322f3b9d9145-MAA
https://cpeonline.com/financial-instruments-credit-losses-asc-topic-326-current-expected-credit-loss-cecl-model,max-age=86400, public,HIT,91a732372a74897b-MAA
https://cpeonline.com/financial-instruments-credit-losses-asc-topic-326-current-expected-credit-loss-cecl-model-1,max-age=86400, public,HIT,91a7323e7c307e98-MAA
https://cpeonline.com/financial-leadership-during-the-covid-19-crisis-an-expert-panel-discussion,max-age=86400, public,HIT,91a732466e087fd4-MAA
https://cpeonline.com/financial-planning-analysiscutting-edge-techniques-best-practices,max-age=86400, public,HIT,91a7324dbf3fad28-MAA
https://cpeonline.com/financial-planning-best-practices,max-age=86400, public,HIT,91a732548b0df56a-MAA
https://cpeonline.com/footnote-risk-factor-disclosures-current-examples-best-practices,max-age=86400, public,HIT,91a7325babff0690-MAA
https://cpeonline.com/forecasting-latest-methods-practical-applications,max-age=86400, public,HIT,91a73264e9db1ae3-MAA
https://cpeonline.com/form-1040-a-hands-on-workshop,max-age=86400, public,HIT,91a7326d0cf27e8a-MAA
https://cpeonline.com/form-10-k-a-hands-on-workshop,max-age=86400, public,HIT,91a732738ca77fb1-MAA
https://cpeonline.com/form-990-the-taxation-of-nonprofits,max-age=86400, public,HIT,91a7327aabf27fc1-MAA
https://cpeonline.com/forms-1120-1120s-a-hands-on-refresher,max-age=86400, public,HIT,91a73281cafe7f96-MAA
https://cpeonline.com/frequently-encountered-accounting-sec-reporting-topics,max-age=86400, public,HIT,91a7328958d47e98-MAA
https://cpeonline.com/gaap-refresher,max-age=86400, public,HIT,91a73290de4b7ef9-MAA
https://cpeonline.com/gaap-update,max-age=86400, public,HIT,91a732985acbcbcd-MAA
https://cpeonline.com/generative-ai-for-finance-professionals-a-hands-on-training,max-age=86400, public,HIT,91a7329f9be10bbe-MAA
https://cpeonline.com/geopolitical-other-risk-factors-for-public-companiesexpert-panel-discussion,max-age=86400, public,HIT,91a732a6dabd7ea9-MAA
https://cpeonline.com/goodwill-impairment-testing-a-hands-on-guide,max-age=86400, public,HIT,91a732ade9fc7fd1-MAA
https://cpeonline.com/hedge-accounting,max-age=86400, public,HIT,91a732b4e9ca7f63-MAA
https://cpeonline.com/icfr-lessons-learned-leading-practicesan-industry-panel-discussion,max-age=86400, public,HIT,91a732bd4c887f49-MAA
https://cpeonline.com/ifrs-update-iasbs-annual-improvement-project,max-age=86400, public,HIT,91a732c56a257f6f-MAA
https://cpeonline.com/ifrs-a-one-day-comparison-with-us-gaap,max-age=86400, public,HIT,91a732ccad7ca905-MAA
https://cpeonline.com/impact-of-covid-19-on-complying-with-sec-requirements-including-icfr-compliance,max-age=86400, public,HIT,91a732d3dbb17e96-MAA
https://cpeonline.com/impairment-of-goodwill-intangibles-other-long-lived-assets,max-age=86400, public,HIT,91a732db0af1a926-MAA
https://cpeonline.com/impairments-intangibles-current-accounting-issues,max-age=86400, public,HIT,91a732e2d8117f83-MAA
https://cpeonline.com/implementing-the-new-lease-accounting-standard-for-nonpublic-companies-a-hands-on-workshop,max-age=86400, public,HIT,91a732ea3f9c178a-MAA
https://cpeonline.com/integrated-business-planning-what-are-the-impacts-benefits-of-utilizing-it-in-this-challenging-environment,max-age=86400, public,HIT,91a732f18e418135-MAA
https://cpeonline.com/internal-controls-hot-topics-trends,max-age=86400, public,HIT,91a732fa8edb7f61-MAA
https://cpeonline.com/international-cash-treasury-management-in-a-post-covid-business-world,max-age=86400, public,HIT,91a733022c547f8b-MAA
https://cpeonline.com/international-taxation-an-introduction,max-age=86400, public,HIT,91a733098b4b8135-MAA
https://cpeonline.com/international-taxation-an-introduction-to-us-foreign-jurisdictions,max-age=86400, public,HIT,91a73310ea967f13-MAA
https://cpeonline.com/international-taxation-post-tax-cuts-jobs-act-tax-treaties-transfer-pricing,max-age=86400, public,HIT,91a73318c8b27fec-MAA
https://cpeonline.com/international-taxation-whats-new,max-age=86400, public,HIT,91a733219b147e67-MAA
https://cpeonline.com/ipos-reverse-mergers-financial-reporting-filing-requirements,max-age=86400, public,HIT,91a7332a2c250bbe-MAA
https://cpeonline.com/k-1s-preparation-analysis-interpretation,max-age=86400, public,HIT,91a733317cdb7f41-MAA
https://cpeonline.com/late-2019-tax-legislation-including-the-secure-act,max-age=86400, public,HIT,91a73338eda606ac-MAA
https://cpeonline.com/leadership-skills-for-accountants-building-high-performance-teams,max-age=86400, public,HIT,91a73340ef6d4fd4-MAA
https://cpeonline.com/lean-methodology-world-class-finance-organizations,max-age=86400, public,HIT,91a733498c0c1790-MAA
https://cpeonline.com/lease-accounting-conference-successfully-implementing-the-new-standard,max-age=86400, public,HIT,91a7335119e67f99-MAA
https://cpeonline.com/lease-accounting-new-standard-asc-842-an-experts-guide-to-implementation,max-age=86400, public,HIT,91a73359589ed988-MAA
https://cpeonline.com/lease-accounting-reporting-under-both-us-gaap-ifrs,max-age=86400, public,HIT,91a73360ba6e7f0c-MAA
https://cpeonline.com/lease-modifications-asc-842-covid-19-impact,max-age=86400, public,HIT,91a733682bc317a7-MAA
https://cpeonline.com/leveraging-artificial-intelligence-ai-to-improve-finance-processes-decision-making,max-age=86400, public,HIT,91a7336f9b6f7fce-MAA
https://cpeonline.com/making-a-smooth-transition-to-the-new-lease-accounting-standard-an-expert-industry-panel,max-age=86400, public,HIT,91a73378af26c87a-MAA
https://cpeonline.com/mda-market-risk-disclosure-a-hands-on-workshop,max-age=86400, public,HIT,91a733808c617f17-MAA
https://cpeonline.com/meeting-todays-global-challenges,max-age=86400, public,HIT,91a7338829807fef-MAA
https://cpeonline.com/mergers-acquisitions-a-current-guide-to-deal-making,max-age=86400, public,HIT,91a73391cf607f4d-MAA
https://cpeonline.com/metaverse-rise-risks-impact-on-business-consumers,max-age=86400, public,HIT,91a733993af87ed9-MAA
https://cpeonline.com/multistate-corporate-taxation,max-age=86400, public,HIT,91a733a0bf827e6d-MAA
https://cpeonline.com/negotiation-communication-effective-techniques-for-accountants,max-age=86400, public,HIT,91a733a83f1758c9-MAA
https://cpeonline.com/new-jersey-law-ethics,max-age=86400, public,HIT,91a733b01c8aa90d-MAA
https://cpeonline.com/new-lease-accounting-standard-asc-842-post-implementation-issues,max-age=86400, public,HIT,91a733b91e4f7eec-MAA
https://cpeonline.com/new-york-ethics-for-cpas,max-age=86400, public,HIT,91a733c12c5c7fe9-MAA
https://cpeonline.com/new-yorknew-jersey-state-tax-update,max-age=86400, public,HIT,91a733c9c9e4182b-MAA
https://cpeonline.com/nexus-avoiding-the-long-arms-of-the-states,max-age=86400, public,HIT,91a733d2a8647ee5-MAA
https://cpeonline.com/non-employee-compensation-nec-form-1099-other-changes,max-age=86400, public,HIT,91a733db3900a908-MAA
https://cpeonline.com/non-gaap-measures-metrics-disclosures,max-age=86400, public,HIT,91a733e40ddf7f93-MAA
https://cpeonline.com/nonpublic-companies-financial-reporting-issues,max-age=86400, public,HIT,91a733eccee47f85-MAA
https://cpeonline.com/not-for-profit-gaap-update,max-age=86400, public,HIT,91a733f63c6b7e67-MAA
https://cpeonline.com/oil-gas-accounting,max-age=86400, public,MISS,91a733fddaab2f6d-MAA
https://cpeonline.com/oil-gas-accounting-oil-gas-properties-aros-reserves,max-age=86400, public,MISS,91a734123832b29f-MAA
https://cpeonline.com/oil-gas-accounting-the-industry-revenues-expenses-joint-operations,max-age=86400, public,MISS,91a7342228de7ed0-MAA
https://cpeonline.com/optimizing-the-accounting-cycle,max-age=86400, public,MISS,91a73434cdbc7f63-MAA
https://cpeonline.com/overcoming-todays-toughest-sox-compliance-risk-management-challenges-an-industry-panel-discussion,max-age=86400, public,MISS,91a734452e5f4fd4-MAA
https://cpeonline.com/partnership-formation-operation-tax-considerations,max-age=86400, public,MISS,91a73458df957f0c-MAA
https://cpeonline.com/partnership-taxation-boot-camp-an-intensive-four-day-review-of-federal-rules,max-age=86400, public,MISS,91a7346fcbea1794-MAA
https://cpeonline.com/partnership-taxation-determining-the-basis-of-partners-interest-in-partnerships,max-age=86400, public,MISS,91a73485cb5d179e-MAA
https://cpeonline.com/partnership-taxation-disguised-sales-rules,max-age=86400, public,MISS,91a734995ff77f2b-MAA
https://cpeonline.com/partnership-taxation-level-i,max-age=86400, public,MISS,91a734ab8ad3b28e-MAA
https://cpeonline.com/partnership-taxation-level-ii,max-age=86400, public,MISS,91a734cb0e6b2c07-MAA
https://cpeonline.com/partnership-taxation-level-iiispecial-allocation-rules,max-age=86400, public,MISS,91a734e9ce7fa90e-MAA
https://cpeonline.com/partnership-taxation-passive-loss-rules,max-age=86400, public,MISS,91a73505f82e7f5f-MAA
https://cpeonline.com/partnership-taxation-sales-terminations-transfer-of-partners-interest,max-age=86400, public,HIT,91a7351af8327f9f-MAA
https://cpeonline.com/partnership-taxation-section-751-hot-assets,max-age=86400, public,MISS,91a735229a633971-MAA
https://cpeonline.com/payroll-taxes-your-comprehensive-guide-for-compliance,max-age=86400, public,MISS,91a735399f027f0f-MAA
https://cpeonline.com/performing-cyber-risk-assessments,max-age=86400, public,MISS,91a735528dd17edf-MAA
https://cpeonline.com/public-company-auditing-update,max-age=86400, public,MISS,91a735659dac17b3-MAA
https://cpeonline.com/qualified-business-income-deduction-section-199a-a-deeper-dive-into-applying-irs-final-regulations-revenue-procedures,max-age=86400, public,MISS,91a7357d8baab5bf-MAA
https://cpeonline.com/qualified-opportunity-funds-zones-rules-requirements-for-operating-investing,max-age=86400, public,MISS,91a7358d986c800a-MAA
https://cpeonline.com/real-estate-accounting-reporting,max-age=86400, public,MISS,91a735a249167f3f-MAA
https://cpeonline.com/real-estate-partnership-taxation,max-age=86400, public,MISS,91a735bc0e1d17a6-MAA
https://cpeonline.com/recent-developments-in-transfer-pricing,max-age=86400, public,MISS,91a735d719297f5c-MAA
https://cpeonline.com/recent-regulations-that-will-impact-sox-programs,max-age=86400, public,MISS,91a735f77ff17fc2-MAA
https://cpeonline.com/regulatory-review-for-california-cpas,max-age=86400, public,MISS,91a7360fabec069c-MAA
https://cpeonline.com/reits-understanding-the-complex-legal-accounting-tax-rules,max-age=86400, public,MISS,91a736227ef1a90b-MAA
https://cpeonline.com/remediating-material-weaknesses-significant-deficiencies-control-deficienciespractical-experiences,max-age=86400, public,MISS,91a73634e991398f-MAA
https://cpeonline.com/revenue-recognition-a-step-by-step-experts-guide-self-study,max-age=86400, public,MISS,91a73645abd27e78-MAA
https://cpeonline.com/risk-management-internal-controls-fraud-prevention,max-age=86400, public,MISS,91a7365c5ae97fa3-MAA
https://cpeonline.com/risk-management-internal-controls-fraud-prevention-part-1,max-age=86400, public,MISS,91a73677ba727f22-MAA
https://cpeonline.com/risk-management-internal-controls-fraud-prevention-part-2,max-age=86400, public,MISS,91a7368cdf68801c-MAA
https://cpeonline.com/risk-management-internal-controls-fraud-prevention-part-3,max-age=86400, public,MISS,91a736a55cb0c784-MAA
https://cpeonline.com/robotic-process-automation-data-driven-case-study,max-age=86400, public,MISS,91a736bc8ca17fa3-MAA
https://cpeonline.com/robotic-process-automation-internal-controls-over-financial-reporting-icfr-considerations,max-age=86400, public,MISS,91a736cecd89802b-MAA
https://cpeonline.com/sales-use-taxes-a-practical-approach,max-age=86400, public,MISS,91a736e179207f12-MAA
https://cpeonline.com/sales-tax-audits-managing-the-process-minimizing-risk,max-age=86400, public,MISS,91a736fe2ce97fa5-MAA
https://cpeonline.com/sales-tax-automation-reducing-risk-developing-an-audit-trail,max-age=86400, public,MISS,91a73716db7f801c-MAA
https://cpeonline.com/sales-tax-in-a-post-wayfair-world-evolving-nexus-other-trends,max-age=86400, public,MISS,91a7372f4cb9897b-MAA
https://cpeonline.com/sales-tax-on-drop-shipments,max-age=86400, public,MISS,91a737450c4fb2b1-MAA
https://cpeonline.com/sales-tax-update-meeting-multistate-thresholds,max-age=86400, public,MISS,91a7375d7e247ee0-MAA
https://cpeonline.com/sales-tax-navigating-multistate-compliance-in-the-digital-age,max-age=86400, public,MISS,91a73771eb380698-MAA
https://cpeonline.com/sarbanes-oxley-a-complete-review-update-test,max-age=86400, public,MISS,91a73786effc0bbe-MAA
https://cpeonline.com/schedule-m-3-adjustments-tax-vs-book-income,max-age=86400, public,MISS,91a737a15c0c7f3d-MAA
https://cpeonline.com/sec-accounting-reporting-a-two-day-boot-camp,max-age=86400, public,MISS,91a737b3ec767fd1-MAA
https://cpeonline.com/sec-conference-an-accounting-reporting-update-for-us-listed-companies,max-age=86400, public,HIT,91a737cf19a77eb5-MAA
https://cpeonline.com/sec-enforcement-fcpa-compliance-the-current-landscape,max-age=86400, public,MISS,91a737da4c3e7eb0-MAA
https://cpeonline.com/sec-enforcement-an-update-on-the-latest-issues-best-ways-to-handle-them,max-age=86400, public,MISS,91a737f3aaf6c87a-MAA
https://cpeonline.com/section-199a-deduction-of-qualified-business-income-guide-to-applying-irs-final-regulations-revenue-procedures,max-age=86400, public,MISS,91a7380db9817eb8-MAA
https://cpeonline.com/secure-20-act-of-2022-a-ten-year-guide-to-tax-planning,max-age=86400, public,HIT,91a7382539247aff-MAA
https://cpeonline.com/selected-topics-in-gaap,max-age=86400, public,MISS,91a7382fad63897b-MAA
https://cpeonline.com/single-audits-of-government-funded-activities,max-age=86400, public,MISS,91a7384c4ff07f85-MAA
